{
  "created_at": "2025-10-08T10:52:36.742780+00:00",
  "params_hash": "72aa74b9821e713db3053b4e5018779a",
  "data_shape": [
    105126,
    6
  ],
  "data_columns": [
    "open",
    "high",
    "low",
    "close",
    "volume",
    "label"
  ],
  "cached": false,
  "storage_format": "parquet",
  "json_path": "d:\\crypto-quant-trading-copy\\crypto-quant-trading-copy\\crypto-quant-trading-copy\\optuna_system\\configs\\label_params_15m.json",
  "best_params": {
    "lag": 8,
    "threshold_method": "quantile",
    "lookback_window": 524,
    "buy_quantile": 0.7622526164754189,
    "sell_quantile": 0.24957190823905964,
    "profit_threshold": 0.025850199935319337,
    "loss_threshold": -0.025476522984221924,
    "vol_multiplier": 1.5708519635877765,
    "vol_window": 23,
    "profit_multiplier": 2.816573816369701,
    "stop_multiplier": 1.187969669564539,
    "max_holding": 23,
    "atr_period": 18,
    "min_samples": 1522,
    "balance_weight": 0.5465190976411629,
    "stability_weight": 0.21167741808519666,
    "fixed_lookback": 1592,
    "min_threshold_gap": 0.0038101947507306437,
    "max_noise_ratio": 0.3763974659790378,
    "target_hold_ratio": 0.515066351837249,
    "distribution_penalty": 1.4276343617459013,
    "n_trials": 150
  },
  "file_path": "D:\\crypto-quant-trading-copy\\crypto-quant-trading-copy\\crypto-quant-trading-copy\\data\\processed\\labels\\BTCUSDT_15m\\v22\\labels_BTCUSDT_15m_72aa74b9821e713db3053b4e5018779a.parquet",
  "file_md5": "3992a5c0dc2a5048b838150d0c50e43e",
  "best_score": 0.9434024468330393,
  "n_trials": 150
}