{
  "return_std_50": 18860.951516628265,
  "return_std_20": 9109.323689937592,
  "day_sin": 336208.63439273834,
  "volume_std_50": 25507.872769355774,
  "ATR_14": 37460.49600839615,
  "ATR_Norm_14": 172168.42293167114,
  "day_of_week": 30482.060441970825,
  "return_std_10": 6480.755189418793,
  "BB_Width_20_2": 12624.513934135437,
  "volume_momentum_20": 13479.040678977966,
  "volume_std_20": 16167.806108474731,
  "ADX_28": 9552.565994262695,
  "volume_std_10": 11348.86576461792,
  "volume_std_5": 13792.530042648315,
  "return_50_abs": 8946.436267852783,
  "return_10_abs": 7325.265950202942
}