{
  "return_mean_1": 117451.6205368042,
  "return_3_abs": 667159.3787609339,
  "return_3": 407752.3231576681,
  "return_std_3": 82945.05766808987,
  "ATR_Norm_14": 24105.681813895702,
  "return_1_abs": 93456.94628310204,
  "volume_momentum_5": 158088.61542463303,
  "StochRSI_D_21": 63029.45042037964,
  "volume_momentum_20": 26943.59529566765,
  "return_std_20": 19262.483932971954,
  "oc_ratio": 52435.12872135639,
  "return_mean_3": 10702.295619368553,
  "return_5_abs": 26312.09481191635,
  "return_std_50": 8484.59091436863,
  "StochRSI_K_21": 110710.51912236214,
  "Vol_Ratio_50": 38975.411903977394,
  "Vol_MA_50": 3758.924875974655,
  "KDJ_D": 2665.745829939842,
  "ATR_14": 4891.5668387413025,
  "KDJ_J": 18934.568475961685
}