{
  "created_at": "2025-10-18T13:44:52.284915+00:00",
  "params_hash": "2c13371eff12fed4c80b8a3306402d0a",
  "data_shape": [
    105119,
    6
  ],
  "data_columns": [
    "open",
    "high",
    "low",
    "close",
    "volume",
    "label"
  ],
  "cached": false,
  "storage_format": "parquet",
  "json_path": "/home/alexloi40711/Crypto-Quant-Trading-Copy/optuna_system/configs/label_params_15m.json",
  "best_params": {
    "lag": 15,
    "threshold_method": "quantile",
    "lookback_window": 527,
    "buy_quantile": 0.6801019252576961,
    "sell_quantile": 0.24793113717724818,
    "profit_threshold": 0.018983444768736913,
    "loss_threshold": -0.009210409273908508,
    "vol_multiplier": 1.5996070751222968,
    "vol_window": 22,
    "profit_multiplier": 2.622098999712218,
    "stop_multiplier": 0.6912604865285386,
    "max_holding": 16,
    "atr_period": 16,
    "min_samples": 1449,
    "balance_weight": 0.6185835061243035,
    "stability_weight": 0.4489244189619597,
    "fixed_lookback": 2138,
    "min_threshold_gap": 0.004799878595709561,
    "max_noise_ratio": 0.2501416416657399,
    "target_hold_ratio": 0.49103763974216474,
    "distribution_penalty": 0.8338823686379807,
    "target_distribution": [
      0.25,
      0.5,
      0.25
    ],
    "distribution_tolerance": 0.031016063835543714,
    "rebalance_method": "cost_sensitive",
    "transaction_cost_bps": 14.465255666496551,
    "sharpe_weight": 0.41271920969606896,
    "win_weight": 0.23350594588189183,
    "trade_weight": 0.24462780691790348,
    "label_weight": 0.24561756697215834,
    "target_trades_per_day": 3.260984604634468,
    "n_trials": 150
  },
  "file_path": "/home/alexloi40711/Crypto-Quant-Trading-Copy/data/processed/labels/BTCUSDT_15m/v6/labels_BTCUSDT_15m_2c13371eff12fed4c80b8a3306402d0a.parquet",
  "file_md5": "b64f6023affdf99a7e7551834d232de5",
  "best_score": 1.0074057341145126,
  "n_trials": 150
}