{
  "created_at": "2025-10-04T09:23:39.188726+00:00",
  "params_hash": "c97e3b785f8d56f9bde54744ac50ba96",
  "data_shape": [
    105127,
    6
  ],
  "data_columns": [
    "open",
    "high",
    "low",
    "close",
    "volume",
    "label"
  ],
  "cached": false,
  "storage_format": "parquet",
  "json_path": "d:\\crypto-quant-trading-copy\\crypto-quant-trading-copy\\optuna_system\\configs\\label_params_15m.json",
  "best_params": {
    "lag": 7,
    "threshold_method": "quantile",
    "lookback_window": 647,
    "buy_quantile": 0.7660142091232571,
    "sell_quantile": 0.2671390818112543,
    "profit_threshold": 0.012999092794086228,
    "loss_threshold": -0.01923073002822383,
    "vol_multiplier": 1.95282956474348,
    "vol_window": 35,
    "profit_multiplier": 1.6880301206350845,
    "stop_multiplier": 1.3974094663526115,
    "max_holding": 18,
    "atr_period": 12,
    "min_samples": 1377,
    "balance_weight": 0.5294252274252885,
    "stability_weight": 0.20162291657842477,
    "fixed_lookback": 1661,
    "min_threshold_gap": 0.004558437999696568,
    "max_noise_ratio": 0.36179173083746724,
    "target_hold_ratio": 0.5038318765605072,
    "distribution_penalty": 1.0037141803514094,
    "n_trials": 150
  },
  "file_path": "D:\\crypto-quant-trading-copy\\crypto-quant-trading-copy\\data\\processed\\labels\\BTCUSDT_15m\\v1\\labels_BTCUSDT_15m_c97e3b785f8d56f9bde54744ac50ba96.parquet",
  "file_md5": "fe7b10626d801d840a6be4dc0bfe1fd3",
  "best_score": 0.9397286736887925,
  "n_trials": 150
}