{
  "created_at": "2025-10-09T06:41:15.854833+00:00",
  "params_hash": "afc7f70605b71b1b0cf07b24f0b2f04d",
  "data_shape": [
    105126,
    6
  ],
  "data_columns": [
    "open",
    "high",
    "low",
    "close",
    "volume",
    "label"
  ],
  "cached": false,
  "storage_format": "parquet",
  "json_path": "d:\\crypto-quant-trading-copy\\crypto-quant-trading-copy\\crypto-quant-trading-copy\\optuna_system\\configs\\label_params_15m.json",
  "best_params": {
    "lag": 8,
    "threshold_method": "quantile",
    "lookback_window": 592,
    "buy_quantile": 0.7841333229319252,
    "sell_quantile": 0.2722664354917415,
    "profit_threshold": 0.01190631718249572,
    "loss_threshold": -0.019202158627276263,
    "vol_multiplier": 1.7149500956529535,
    "vol_window": 26,
    "profit_multiplier": 2.2943634465500633,
    "stop_multiplier": 1.0443023902308923,
    "max_holding": 16,
    "atr_period": 12,
    "min_samples": 3535,
    "balance_weight": 0.4595057700146998,
    "stability_weight": 0.2234904251515908,
    "fixed_lookback": 1836,
    "min_threshold_gap": 0.009561980011557501,
    "max_noise_ratio": 0.31202019527066915,
    "target_hold_ratio": 0.5156844024413535,
    "distribution_penalty": 1.0623617821961042,
    "n_trials": 150
  },
  "file_path": "D:\\crypto-quant-trading-copy\\crypto-quant-trading-copy\\crypto-quant-trading-copy\\data\\processed\\labels\\BTCUSDT_15m\\v23\\labels_BTCUSDT_15m_afc7f70605b71b1b0cf07b24f0b2f04d.parquet",
  "file_md5": "1d50ca7e20cdcea6405f1517b03a6813",
  "best_score": 0.9329758006449085,
  "n_trials": 150
}