{
  "return_std_50": 9020.884858608246,
  "return_std_20": 4826.388080120087,
  "day_sin": 354852.07794713974,
  "volume_std_50": 11419.023976802826,
  "ATR_14": 17031.197080135345,
  "ATR_Norm_14": 62785.385580062866,
  "day_of_week": 32287.23078250885,
  "return_std_10": 4565.22021818161,
  "BB_Width_20_2": 4063.6922059059143,
  "volume_momentum_20": 6658.968123435974,
  "volume_std_20": 6673.7958154678345,
  "ADX_28": 5520.511873722076,
  "volume_std_10": 4682.419403076172,
  "volume_std_5": 4963.74023771286,
  "return_50_abs": 5226.822135448456,
  "return_10_abs": 6202.367401123047
}