{
  "created_at": "2025-10-18T13:36:59.882299+00:00",
  "params_hash": "ba93506f7cb89b03a290d1efc2a32a26",
  "data_shape": [
    105134,
    5
  ],
  "data_columns": [
    "open",
    "high",
    "low",
    "close",
    "volume"
  ],
  "cached": false,
  "storage_format": "parquet",
  "json_path": "/home/alexloi40711/Crypto-Quant-Trading-Copy/optuna_system/configs/cleaning_params_15m.json",
  "best_params": {
    "impute_method": "forward_fill",
    "impute_window": 30,
    "missing_threshold": 0.14449224437744043,
    "knn_neighbors": 7,
    "winsorize_window": 274,
    "winsorize_lower": 0.01327384274208747,
    "winsorize_upper": 0.9931631248341716,
    "jump_threshold": 0.066931100236035,
    "outlier_method": "none",
    "iqr_multiplier": 3.834964266374513,
    "zscore_threshold": 3.978893356651204,
    "rolling_outlier_window": 743,
    "lower_percentile": 2.8469915270566326,
    "upper_percentile": 92.22451027519345,
    "vol_window": 69,
    "void_threshold": 0.2987346897684279,
    "vol_vol_multiplier": 3.267082249974711,
    "smooth_method": "rolling_mean",
    "smooth_window": 10,
    "exp_alpha": 0.04995425692512151,
    "completeness_weight": 0.6829167466861544,
    "fidelity_weight": 0.5972821761507521,
    "stability_weight": 0.34459042982532134,
    "n_trials": 50
  },
  "file_path": "/home/alexloi40711/Crypto-Quant-Trading-Copy/data/processed/cleaned/BTCUSDT_15m/v6/cleaned_ohlcv_BTCUSDT_15m_ba93506f7cb89b03a290d1efc2a32a26.parquet",
  "file_md5": "5311fa031826cc195c21afe33e1b0702",
  "best_score": 1.2801989228369064,
  "n_trials": 50
}