{
  "created_at": "2025-10-08T10:27:22.377027+00:00",
  "params_hash": "c46948a769c850328d36f8cc0ecf1f0b",
  "data_shape": [
    105126,
    6
  ],
  "data_columns": [
    "open",
    "high",
    "low",
    "close",
    "volume",
    "label"
  ],
  "cached": false,
  "storage_format": "parquet",
  "json_path": "d:\\crypto-quant-trading-copy\\crypto-quant-trading-copy\\crypto-quant-trading-copy\\optuna_system\\configs\\label_params_15m.json",
  "best_params": {
    "lag": 8,
    "threshold_method": "quantile",
    "lookback_window": 575,
    "buy_quantile": 0.7595200435522316,
    "sell_quantile": 0.2715514057728973,
    "profit_threshold": 0.011332045624139867,
    "loss_threshold": -0.01015178070735823,
    "vol_multiplier": 1.9698762334124527,
    "vol_window": 40,
    "profit_multiplier": 2.626574625561883,
    "stop_multiplier": 0.7031686966669871,
    "max_holding": 24,
    "atr_period": 10,
    "min_samples": 3438,
    "balance_weight": 0.6366240270993098,
    "stability_weight": 0.20016576428515362,
    "fixed_lookback": 2475,
    "min_threshold_gap": 0.007484925670527533,
    "max_noise_ratio": 0.3725794136059427,
    "target_hold_ratio": 0.4882444655613536,
    "distribution_penalty": 1.3655106031481012,
    "n_trials": 150
  },
  "file_path": "D:\\crypto-quant-trading-copy\\crypto-quant-trading-copy\\crypto-quant-trading-copy\\data\\processed\\labels\\BTCUSDT_15m\\v21\\labels_BTCUSDT_15m_c46948a769c850328d36f8cc0ecf1f0b.parquet",
  "file_md5": "5d792c3afb88912be607e6a7850a428c",
  "best_score": 0.9394784367146157,
  "n_trials": 150
}